id;W;A;D;S;Q;E;Y;C;level;ready;state;real;ort;beam;override;block;evo;geo;radar;color
e0;0;0;0;0;0;0;0;0;4;82;aktiv;gesetzt;ROOT;LAGE;DOCH;EGAL;360;0;0;#ffaa00
e1;1;0;0;0;0;0;0;0;4;82;aktiv;gesetzt;ROOT;LAGE;DOCH;EGAL;360;0;0;#ffaa00
e2;0;1;0;0;0;0;0;0;4;82;aktiv;gesetzt;ROOT;LAGE;DOCH;EGAL;360;0;0;#ffaa00
e3;0;0;1;0;0;0;0;0;4;82;aktiv;gesetzt;ROOT;LAGE;DOCH;EGAL;360;0;0;#ffaa00
e4;0;0;0;1;0;0;0;0;4;82;aktiv;gesetzt;ROOT;LAGE;DOCH;EGAL;360;0;0;#ffaa00
e5;0;0;0;0;1;0;0;0;4;82;aktiv;gesetzt;ROOT;LAGE;DOCH;EGAL;360;0;0;#ffaa00
e6;0;0;0;0;0;1;0;0;4;82;aktiv;gesetzt;ROOT;LAGE;DOCH;EGAL;360;0;0;#ffaa00
e7;0;0;0;0;0;0;1;0;4;82;aktiv;gesetzt;ROOT;LAGE;DOCH;EGAL;360;0;0;#ffaa00
e8;0;0;0;0;0;0;0;1;4;82;aktiv;gesetzt;ROOT;LAGE;DOCH;EGAL;360;0;0;#ffaa00
